Bartok - String Quartet 5 mvt 3-001.png,"721"
Bartok - String Quartet 5 mvt 3-002.png,"[1, 1]"
Bartok - String Quartet 5 mvt 3-003.png,"[2, 1]"
Bartok - String Quartet 5 mvt 3-004.png,"[1, 1, 10]"
Bartok - String Quartet 5 mvt 3-005.png,"[1, 1]"
Bartok - String Quartet 5 mvt 3-006.png,"1"
Bartok - String Quartet 5 mvt 3-007.png,"[1, 1]"
Bartok - String Quartet 5 mvt 3-008.png,"[1, 1]"
Bartok - String Quartet 5 mvt 3-009.png,"[1, 1]"
Bartok - String Quartet 5 mvt 3-010.png,"1"
Bartok - String Quartet 5 mvt 3-011.png,"[1, 1, 30]"
Bartok - String Quartet 5 mvt 3-012.png,"[1, 1]"
Bartok - String Quartet 5 mvt 3-013.png,"[1, 1]"
Bartok - String Quartet 5 mvt 3-014.png,"[1, 1]"
Bartok - String Quartet 5 mvt 3-015.png,"[1, 1]"
Bartok - String Quartet 5 mvt 3-016.png,"[1, 1]"
Bartok - String Quartet 5 mvt 3-017.png,"1"
Bartok - String Quartet 5 mvt 3-018.png,"[1, 1, 8]"
Bartok - String Quartet 5 mvt 3-019.png,"[1, 1]"
Bartok - String Quartet 5 mvt 3-020.png,"[1, 1]"
Bartok - String Quartet 5 mvt 3-021.png,"[1, 1]"
Bartok - String Quartet 5 mvt 3-022.png,"[1, 1, 60]"
Bartok - String Quartet 5 mvt 3-023.png,"[1, 1]"
Bartok - String Quartet 5 mvt 3-024.png,"[1, 1]"
Bartok - String Quartet 5 mvt 3-025.png,"[1, 1]"
Bartok - String Quartet 5 mvt 3-026.png,"[1, 1]"
Bartok - String Quartet 5 mvt 3-027.png,"[1, 1]"
Bartok - String Quartet 5 mvt 3-028.png,"[1, 1]"
Bartok - String Quartet 5 mvt 3-029.png,"[1, 1, 10]"
Bartok - String Quartet 5 mvt 3-030.png,"[1, 1]"
Bartok - String Quartet 5 mvt 3-031.png,"[1, 1]"
Bartok - String Quartet 5 mvt 3-032.png,"[1, 1]"
Bartok - String Quartet 5 mvt 3-033.png,"[1, 1]"
Bartok - String Quartet 5 mvt 3-034.png,"[11, 1]"
Bartok - String Quartet 5 mvt 3-035.png,"[1, 1]"
Bartok - String Quartet 5 mvt 3-036.png,"[1, 1, 125]"
Bartok - String Quartet 5 mvt 3-037.png,"[71, 1]"
Bartok - String Quartet 5 mvt 3-038.png,"1"
Bartok - String Quartet 5 mvt 3-039.png,"[1, 1]"
Bartok - String Quartet 5 mvt 3-040.png,"[1, 1]"
Bartok - String Quartet 5 mvt 3-041.png,"[11, 1]"
Bartok - String Quartet 5 mvt 3-042.png,"1"
Bartok - String Quartet 5 mvt 3-043.png,"1"
Bartok - String Quartet 5 mvt 3-044.png,"[1, 1]"
Bartok - String Quartet 5 mvt 3-045.png,"1"
Bartok - String Quartet 5 mvt 3-046.png,"1"
Bartok - String Quartet 5 mvt 3-047.png,"1"
Bartok - String Quartet 5 mvt 3-048.png,"[1, 1]"
Bartok - String Quartet 5 mvt 3-049.png,"[1, 1]"
Bartok - String Quartet 5 mvt 3-050.png,"[1, 1]"
Bartok - String Quartet 5 mvt 3-051.png,"[1, 1]"
Bartok - String Quartet 5 mvt 3-052.png,"[1, 1]"
Bartok - String Quartet 5 mvt 3-053.png,"[1, 1]"
Bartok - String Quartet 5 mvt 3-054.png,"[1, 1]"
Bartok - String Quartet 5 mvt 3-055.png,"1"
Bartok - String Quartet 5 mvt 3-056.png,"[1, 1]"
Bartok - String Quartet 5 mvt 3-057.png,"[1, 1]"
Bartok - String Quartet 5 mvt 3-058.png,"[1, 1]"
Bartok - String Quartet 5 mvt 3-059.png,"[1, 1]"
Bartok - String Quartet 5 mvt 3-060.png,"[1, 1]"
Bartok - String Quartet 5 mvt 3-061.png,"[11, 1]"
Bartok - String Quartet 5 mvt 3-062.png,"[1, 1]"
Bartok - String Quartet 5 mvt 3-063.png,"[1, 1, 25]"
Bartok - String Quartet 5 mvt 3-064.png,"[1, 1]"
Bartok - String Quartet 5 mvt 3-065.png,"[1, 1]"
Bartok - String Quartet 5 mvt 3-066.png,"[1, 1, 2]"
Bartok - String Quartet 5 mvt 3-067.png,"[1, 1]"
Bartok - String Quartet 5 mvt 3-068.png,"[1, 1]"
Bartok - String Quartet 5 mvt 3-069.png,"1"
Bartok - String Quartet 5 mvt 3-070.png,"1"
Bartok - String Quartet 5 mvt 3-071.png,"[1, 1, 45]"
Bartok - String Quartet 5 mvt 3-072.png,"[1, 1]"
Bartok - String Quartet 5 mvt 3-073.png,"[1, 1]"
Bartok - String Quartet 5 mvt 3-074.png,"[11, 1]"
Bartok - String Quartet 5 mvt 3-075.png,"[11, 1]"
Bartok - String Quartet 5 mvt 3-077.png,"[1, 1, 60]"
Bartok - String Quartet 5 mvt 3-078.png,"[1, 1]"
Bartok - String Quartet 5 mvt 3-079.png,"1"
Bartok - String Quartet 5 mvt 3-080.png,"[1, 1]"
Bartok - String Quartet 5 mvt 3-081.png,"[1, 1]"
Bartok - String Quartet 5 mvt 3-082.png,"[1, 1, 75]"
Bartok - String Quartet 5 mvt 3-083.png,"[1, 1]"
Bartok - String Quartet 5 mvt 3-084.png,"[1, 1]"
Bartok - String Quartet 5 mvt 3-085.png,"[1, 1]"
Bartok - String Quartet 5 mvt 3-086.png,"[1, 1]"
Bartok - String Quartet 5 mvt 3-087.png,"[71, 1, 90]"
