beam groups rests 1-001.png,"1"
beam groups rests 1-002.png,"1"
beam groups rests 1-003.png,"16"
beam groups rests 1-004.png,"21"
beam groups rests 1-005.png,"26"
beam groups rests 1-006.png,"30"
beam groups rests 1-007.png,"35"
beam groups rests 1-008.png,"40"
beam groups rests 1-009.png,"45"
beam groups rests 1-010.png,"50"
beam groups rests 1-011.png,"58"
beam groups rests 1-012.png,"60"
beam groups rests 1-013.png,"64"
beam groups rests 1-014.png,"[4, 69]"
beam groups rests 1-015.png,"73"
beam groups rests 1-016.png,"77"
beam groups rests 1-017.png,"82"
beam groups rests 1-018.png,"87"
beam groups rests 1-019.png,"92"
beam groups rests 1-020.png,"97"
beam groups rests 1-021.png,"102"
beam groups rests 1-022.png,"105"
beam groups rests 1-023.png,"108"
beam groups rests 1-024.png,"111"
beam groups rests 1-025.png,"114"
beam groups rests 1-026.png,"117"
beam groups rests 1-027.png,"120"
beam groups rests 1-028.png,"123"
beam groups rests 1-029.png,"126"
beam groups rests 1-030.png,"129"
beam groups rests 1-031.png,"182"
beam groups rests 1-032.png,"185"
beam groups rests 1-033.png,"188"
beam groups rests 1-034.png,"142"
beam groups rests 1-035.png,"146"
beam groups rests 1-036.png,"149"
beam groups rests 1-037.png,"152"
beam groups rests 1-038.png,"155"
beam groups rests 1-039.png,"158"
beam groups rests 1-040.png,"161"
beam groups rests 1-041.png,"164"
beam groups rests 1-042.png,"167"
beam groups rests 1-043.png,"170"
beam groups rests 1-044.png,"174"
beam groups rests 1-045.png,"177"
beam groups rests 1-046.png,"180"
beam groups rests 1-047.png,"183"
beam groups rests 1-048.png,"186"
beam groups rests 1-049.png,"189"
beam groups rests 1-050.png,"192"
beam groups rests 1-051.png,"195"
beam groups rests 1-052.png,"198"
beam groups rests 1-053.png,"201"
beam groups rests 1-054.png,"204"
beam groups rests 1-055.png,"207"
beam groups rests 1-056.png,"210"
beam groups rests 1-057.png,"213"
beam groups rests 1-058.png,"216"
beam groups rests 1-059.png,"219"
beam groups rests 1-060.png,"223"
beam groups rests 1-061.png,"227"
beam groups rests 1-062.png,"2380"
beam groups rests 1-063.png,"2383"
beam groups rests 1-064.png,"236"
beam groups rests 1-065.png,"2389"
beam groups rests 1-066.png,"243"
beam groups rests 1-067.png,"247"
beam groups rests 1-068.png,"250"
beam groups rests 1-069.png,"254"
beam groups rests 1-070.png,"257"
beam groups rests 1-071.png,"260"
beam groups rests 1-072.png,"263"
