beam groups 12 semiquavers simple-001.png,"1"
beam groups 12 semiquavers simple-002.png,"6"
beam groups 12 semiquavers simple-003.png,"1"
beam groups 12 semiquavers simple-004.png,"16"
beam groups 12 semiquavers simple-005.png,"20"
beam groups 12 semiquavers simple-006.png,"24"
beam groups 12 semiquavers simple-007.png,"28"
beam groups 12 semiquavers simple-008.png,"32"
beam groups 12 semiquavers simple-009.png,"36"
beam groups 12 semiquavers simple-010.png,"40"
beam groups 12 semiquavers simple-011.png,"44"
beam groups 12 semiquavers simple-012.png,"48"
beam groups 12 semiquavers simple-013.png,"52"
beam groups 12 semiquavers simple-014.png,"56"
beam groups 12 semiquavers simple-015.png,"60"
beam groups 12 semiquavers simple-016.png,"64"
beam groups 12 semiquavers simple-017.png,"68"
beam groups 12 semiquavers simple-018.png,"72"
beam groups 12 semiquavers simple-019.png,"76"
beam groups 12 semiquavers simple-020.png,"80"
beam groups 12 semiquavers simple-021.png,"84"
beam groups 12 semiquavers simple-022.png,"88"
beam groups 12 semiquavers simple-023.png,"92"
beam groups 12 semiquavers simple-024.png,"96"
beam groups 12 semiquavers simple-025.png,"100"
beam groups 12 semiquavers simple-026.png,"104"
beam groups 12 semiquavers simple-027.png,"108"
beam groups 12 semiquavers simple-028.png,"112"
beam groups 12 semiquavers simple-029.png,"116"
beam groups 12 semiquavers simple-030.png,"120"
beam groups 12 semiquavers simple-031.png,"124"
beam groups 12 semiquavers simple-032.png,"128"
beam groups 12 semiquavers simple-033.png,"133"
beam groups 12 semiquavers simple-034.png,"137"
beam groups 12 semiquavers simple-035.png,"141"
beam groups 12 semiquavers simple-036.png,"145"
beam groups 12 semiquavers simple-037.png,"149"
beam groups 12 semiquavers simple-038.png,"158"
beam groups 12 semiquavers simple-039.png,"157"
beam groups 12 semiquavers simple-040.png,"161"
beam groups 12 semiquavers simple-041.png,"165"
beam groups 12 semiquavers simple-042.png,"169"
beam groups 12 semiquavers simple-043.png,"178"
beam groups 12 semiquavers simple-044.png,"177"
beam groups 12 semiquavers simple-045.png,"181"
beam groups 12 semiquavers simple-046.png,"185"
beam groups 12 semiquavers simple-047.png,"189"
beam groups 12 semiquavers simple-048.png,"193"
beam groups 12 semiquavers simple-049.png,"197"
beam groups 12 semiquavers simple-050.png,"201"
beam groups 12 semiquavers simple-051.png,"205"
beam groups 12 semiquavers simple-052.png,"209"
beam groups 12 semiquavers simple-053.png,"213"
beam groups 12 semiquavers simple-054.png,"217"
beam groups 12 semiquavers simple-055.png,"227"
beam groups 12 semiquavers simple-056.png,"225"
beam groups 12 semiquavers simple-057.png,"229"
beam groups 12 semiquavers simple-058.png,"2383"
beam groups 12 semiquavers simple-059.png,"237"
beam groups 12 semiquavers simple-060.png,"241"
beam groups 12 semiquavers simple-061.png,"245"
beam groups 12 semiquavers simple-062.png,"249"
beam groups 12 semiquavers simple-063.png,"258"
beam groups 12 semiquavers simple-064.png,"257"
beam groups 12 semiquavers simple-065.png,"261"
beam groups 12 semiquavers simple-066.png,"265"
beam groups 12 semiquavers simple-067.png,"269"
beam groups 12 semiquavers simple-068.png,"278"
beam groups 12 semiquavers simple-069.png,"276"
beam groups 12 semiquavers simple-070.png,"279"
beam groups 12 semiquavers simple-071.png,"282"
beam groups 12 semiquavers simple-072.png,"285"
beam groups 12 semiquavers simple-073.png,"288"
beam groups 12 semiquavers simple-074.png,"292"
beam groups 12 semiquavers simple-075.png,"295"
beam groups 12 semiquavers simple-076.png,"298"
beam groups 12 semiquavers simple-077.png,"301"
beam groups 12 semiquavers simple-078.png,"304"
beam groups 12 semiquavers simple-079.png,"308"
beam groups 12 semiquavers simple-080.png,"311"
beam groups 12 semiquavers simple-081.png,"314"
beam groups 12 semiquavers simple-082.png,"317"
beam groups 12 semiquavers simple-083.png,"320"
beam groups 12 semiquavers simple-084.png,"324"
beam groups 12 semiquavers simple-085.png,"327"
beam groups 12 semiquavers simple-086.png,"330"
beam groups 12 semiquavers simple-087.png,"333"
beam groups 12 semiquavers simple-088.png,"336"
beam groups 12 semiquavers simple-089.png,"339"
beam groups 12 semiquavers simple-090.png,"342"
beam groups 12 semiquavers simple-091.png,"345"
beam groups 12 semiquavers simple-092.png,"348"
beam groups 12 semiquavers simple-093.png,"361"
beam groups 12 semiquavers simple-094.png,"354"
beam groups 12 semiquavers simple-095.png,"357"
beam groups 12 semiquavers simple-096.png,"360"
beam groups 12 semiquavers simple-097.png,"363"
beam groups 12 semiquavers simple-098.png,"366"
beam groups 12 semiquavers simple-099.png,"369"
beam groups 12 semiquavers simple-100.png,"372"
beam groups 12 semiquavers simple-1000.png,"3188"
beam groups 12 semiquavers simple-1001.png,"3191"
beam groups 12 semiquavers simple-1002.png,"3194"
beam groups 12 semiquavers simple-1003.png,"3197"
beam groups 12 semiquavers simple-1004.png,"38200"
beam groups 12 semiquavers simple-1005.png,"3204"
beam groups 12 semiquavers simple-1006.png,"3208"
beam groups 12 semiquavers simple-1007.png,"38212"
beam groups 12 semiquavers simple-1008.png,"3216"
beam groups 12 semiquavers simple-1009.png,"3220"
beam groups 12 semiquavers simple-101.png,"375"
beam groups 12 semiquavers simple-1010.png,"38223"
beam groups 12 semiquavers simple-1011.png,"3226"
beam groups 12 semiquavers simple-1012.png,"38229"
beam groups 12 semiquavers simple-1013.png,"382382"
beam groups 12 semiquavers simple-1014.png,"32385"
beam groups 12 semiquavers simple-1015.png,"382388"
beam groups 12 semiquavers simple-1016.png,"3241"
beam groups 12 semiquavers simple-1017.png,"3244"
beam groups 12 semiquavers simple-1018.png,"3247"
beam groups 12 semiquavers simple-1019.png,"3250"
beam groups 12 semiquavers simple-102.png,"378"
beam groups 12 semiquavers simple-1020.png,"3253"
beam groups 12 semiquavers simple-1021.png,"3256"
beam groups 12 semiquavers simple-1022.png,"3259"
beam groups 12 semiquavers simple-1023.png,"3262"
beam groups 12 semiquavers simple-1024.png,"3266"
beam groups 12 semiquavers simple-1025.png,"38270"
beam groups 12 semiquavers simple-1026.png,"3274"
beam groups 12 semiquavers simple-1027.png,"3277"
beam groups 12 semiquavers simple-1028.png,"3281"
beam groups 12 semiquavers simple-1029.png,"3284"
beam groups 12 semiquavers simple-103.png,"381"
beam groups 12 semiquavers simple-1030.png,"3287"
beam groups 12 semiquavers simple-1031.png,"38290"
beam groups 12 semiquavers simple-1032.png,"38293"
beam groups 12 semiquavers simple-1033.png,"3296"
beam groups 12 semiquavers simple-1034.png,"3300"
beam groups 12 semiquavers simple-1035.png,"38303"
beam groups 12 semiquavers simple-1036.png,"3306"
beam groups 12 semiquavers simple-1037.png,"3309"
beam groups 12 semiquavers simple-1038.png,"3312"
beam groups 12 semiquavers simple-1039.png,"3316"
beam groups 12 semiquavers simple-104.png,"384"
beam groups 12 semiquavers simple-1040.png,"3319"
beam groups 12 semiquavers simple-1041.png,"3322"
beam groups 12 semiquavers simple-1042.png,"3325"
beam groups 12 semiquavers simple-1043.png,"3329"
beam groups 12 semiquavers simple-1044.png,"3333"
beam groups 12 semiquavers simple-1045.png,"3337"
beam groups 12 semiquavers simple-1046.png,"3341"
beam groups 12 semiquavers simple-1047.png,"3345"
beam groups 12 semiquavers simple-1048.png,"3348"
beam groups 12 semiquavers simple-1049.png,"3361"
beam groups 12 semiquavers simple-105.png,"388"
beam groups 12 semiquavers simple-1050.png,"3354"
beam groups 12 semiquavers simple-1051.png,"3357"
beam groups 12 semiquavers simple-1052.png,"3360"
beam groups 12 semiquavers simple-1053.png,"3363"
beam groups 12 semiquavers simple-1054.png,"3366"
beam groups 12 semiquavers simple-1055.png,"3369"
beam groups 12 semiquavers simple-1056.png,"3372"
beam groups 12 semiquavers simple-1057.png,"3375"
beam groups 12 semiquavers simple-1058.png,"3378"
beam groups 12 semiquavers simple-1059.png,"3381"
beam groups 12 semiquavers simple-106.png,"391"
beam groups 12 semiquavers simple-1060.png,"3384"
beam groups 12 semiquavers simple-1061.png,"3387"
beam groups 12 semiquavers simple-1062.png,"3390"
beam groups 12 semiquavers simple-1063.png,"38393"
beam groups 12 semiquavers simple-1064.png,"3396"
beam groups 12 semiquavers simple-1065.png,"3399"
beam groups 12 semiquavers simple-1066.png,"3402"
beam groups 12 semiquavers simple-1067.png,"3405"
beam groups 12 semiquavers simple-1068.png,"3408"
beam groups 12 semiquavers simple-1069.png,"3411"
beam groups 12 semiquavers simple-107.png,"395"
beam groups 12 semiquavers simple-1070.png,"3414"
beam groups 12 semiquavers simple-1071.png,"3417"
beam groups 12 semiquavers simple-1072.png,"3420"
beam groups 12 semiquavers simple-1073.png,"3423"
beam groups 12 semiquavers simple-1074.png,"3426"
beam groups 12 semiquavers simple-1075.png,"3429"
beam groups 12 semiquavers simple-1076.png,"34382"
beam groups 12 semiquavers simple-1077.png,"34385"
beam groups 12 semiquavers simple-1078.png,"3438"
beam groups 12 semiquavers simple-1079.png,"3441"
beam groups 12 semiquavers simple-108.png,"399"
beam groups 12 semiquavers simple-1080.png,"3444"
beam groups 12 semiquavers simple-1081.png,"3447"
beam groups 12 semiquavers simple-1082.png,"3450"
beam groups 12 semiquavers simple-1083.png,"3483"
beam groups 12 semiquavers simple-1084.png,"3456"
beam groups 12 semiquavers simple-1085.png,"3460"
beam groups 12 semiquavers simple-1086.png,"3463"
beam groups 12 semiquavers simple-1087.png,"3466"
beam groups 12 semiquavers simple-1088.png,"3469"
beam groups 12 semiquavers simple-1089.png,"3472"
beam groups 12 semiquavers simple-109.png,"402"
beam groups 12 semiquavers simple-1090.png,"3475"
beam groups 12 semiquavers simple-1091.png,"3478"
beam groups 12 semiquavers simple-1092.png,"3481"
beam groups 12 semiquavers simple-1093.png,"3484"
beam groups 12 semiquavers simple-1094.png,"3487"
beam groups 12 semiquavers simple-1095.png,"3490"
beam groups 12 semiquavers simple-1096.png,"3493"
beam groups 12 semiquavers simple-1097.png,"3496"
beam groups 12 semiquavers simple-1098.png,"3499"
beam groups 12 semiquavers simple-1099.png,"3502"
beam groups 12 semiquavers simple-110.png,"405"
beam groups 12 semiquavers simple-1100.png,"3505"
beam groups 12 semiquavers simple-1101.png,"3508"
beam groups 12 semiquavers simple-1102.png,"3511"
beam groups 12 semiquavers simple-1103.png,"3514"
beam groups 12 semiquavers simple-1104.png,"3517"
beam groups 12 semiquavers simple-1105.png,"3520"
beam groups 12 semiquavers simple-1106.png,"38523"
beam groups 12 semiquavers simple-1107.png,"3526"
beam groups 12 semiquavers simple-1108.png,"38529"
beam groups 12 semiquavers simple-1109.png,"38582"
beam groups 12 semiquavers simple-111.png,"408"
beam groups 12 semiquavers simple-1110.png,"35385"
beam groups 12 semiquavers simple-1111.png,"3588"
beam groups 12 semiquavers simple-1112.png,"[2, 3541]"
beam groups 12 semiquavers simple-1113.png,"3544"
beam groups 12 semiquavers simple-1114.png,"3547"
beam groups 12 semiquavers simple-1115.png,"3550"
beam groups 12 semiquavers simple-1116.png,"3583"
beam groups 12 semiquavers simple-1117.png,"3556"
beam groups 12 semiquavers simple-1118.png,"3559"
beam groups 12 semiquavers simple-1119.png,"3562"
beam groups 12 semiquavers simple-112.png,"411"
beam groups 12 semiquavers simple-1120.png,"3565"
beam groups 12 semiquavers simple-1121.png,"3568"
beam groups 12 semiquavers simple-1122.png,"3571"
beam groups 12 semiquavers simple-1123.png,"3574"
beam groups 12 semiquavers simple-1124.png,"3577"
beam groups 12 semiquavers simple-1125.png,"3580"
beam groups 12 semiquavers simple-1126.png,"3583"
beam groups 12 semiquavers simple-1127.png,"3587"
beam groups 12 semiquavers simple-1128.png,"3591"
beam groups 12 semiquavers simple-1129.png,"3595"
beam groups 12 semiquavers simple-113.png,"414"
beam groups 12 semiquavers simple-1130.png,"3599"
beam groups 12 semiquavers simple-1131.png,"3603"
beam groups 12 semiquavers simple-1132.png,"3606"
beam groups 12 semiquavers simple-1133.png,"3609"
beam groups 12 semiquavers simple-1134.png,"3612"
beam groups 12 semiquavers simple-1135.png,"3615"
beam groups 12 semiquavers simple-1136.png,"3618"
beam groups 12 semiquavers simple-1137.png,"3621"
beam groups 12 semiquavers simple-1138.png,"3624"
beam groups 12 semiquavers simple-1139.png,"3627"
beam groups 12 semiquavers simple-114.png,"417"
beam groups 12 semiquavers simple-1140.png,"3630"
beam groups 12 semiquavers simple-1141.png,"38633"
beam groups 12 semiquavers simple-1142.png,"3636"
beam groups 12 semiquavers simple-1143.png,"3639"
beam groups 12 semiquavers simple-1144.png,"3642"
beam groups 12 semiquavers simple-1145.png,"3645"
beam groups 12 semiquavers simple-1146.png,"3648"
beam groups 12 semiquavers simple-1147.png,"3651"
beam groups 12 semiquavers simple-1148.png,"3654"
beam groups 12 semiquavers simple-1149.png,"3657"
beam groups 12 semiquavers simple-115.png,"420"
beam groups 12 semiquavers simple-1150.png,"3660"
beam groups 12 semiquavers simple-1151.png,"3663"
beam groups 12 semiquavers simple-1152.png,"3666"
beam groups 12 semiquavers simple-1153.png,"3669"
beam groups 12 semiquavers simple-1154.png,"3672"
beam groups 12 semiquavers simple-1155.png,"3675"
beam groups 12 semiquavers simple-1156.png,"3678"
beam groups 12 semiquavers simple-1157.png,"3681"
beam groups 12 semiquavers simple-1158.png,"3684"
beam groups 12 semiquavers simple-1159.png,"3687"
beam groups 12 semiquavers simple-116.png,"423"
beam groups 12 semiquavers simple-1160.png,"3690"
beam groups 12 semiquavers simple-1161.png,"3693"
beam groups 12 semiquavers simple-1162.png,"3696"
beam groups 12 semiquavers simple-1163.png,"3699"
beam groups 12 semiquavers simple-1164.png,"3702"
beam groups 12 semiquavers simple-1165.png,"3705"
beam groups 12 semiquavers simple-1166.png,"3708"
beam groups 12 semiquavers simple-1167.png,"3711"
beam groups 12 semiquavers simple-1168.png,"3715"
beam groups 12 semiquavers simple-1169.png,"3718"
beam groups 12 semiquavers simple-117.png,"426"
beam groups 12 semiquavers simple-1170.png,"3721"
beam groups 12 semiquavers simple-1171.png,"3724"
beam groups 12 semiquavers simple-1172.png,"3727"
beam groups 12 semiquavers simple-1173.png,"3730"
beam groups 12 semiquavers simple-1174.png,"3783"
beam groups 12 semiquavers simple-1175.png,"37386"
beam groups 12 semiquavers simple-1176.png,"37389"
beam groups 12 semiquavers simple-1177.png,"3742"
beam groups 12 semiquavers simple-1178.png,"3745"
beam groups 12 semiquavers simple-1179.png,"3748"
beam groups 12 semiquavers simple-118.png,"429"
beam groups 12 semiquavers simple-1180.png,"3781"
beam groups 12 semiquavers simple-1181.png,"3784"
beam groups 12 semiquavers simple-1182.png,"3757"
beam groups 12 semiquavers simple-1183.png,"3760"
beam groups 12 semiquavers simple-1184.png,"3763"
beam groups 12 semiquavers simple-1185.png,"3766"
beam groups 12 semiquavers simple-1186.png,"3769"
beam groups 12 semiquavers simple-1187.png,"3772"
beam groups 12 semiquavers simple-1188.png,"3775"
beam groups 12 semiquavers simple-1189.png,"3778"
beam groups 12 semiquavers simple-119.png,"432"
beam groups 12 semiquavers simple-1190.png,"3781"
beam groups 12 semiquavers simple-1191.png,"3784"
beam groups 12 semiquavers simple-1192.png,"3787"
beam groups 12 semiquavers simple-1193.png,"3790"
beam groups 12 semiquavers simple-1194.png,"3793"
beam groups 12 semiquavers simple-1195.png,"3796"
beam groups 12 semiquavers simple-1196.png,"3799"
beam groups 12 semiquavers simple-1197.png,"3802"
beam groups 12 semiquavers simple-1198.png,"3805"
beam groups 12 semiquavers simple-1199.png,"3808"
beam groups 12 semiquavers simple-120.png,"435"
beam groups 12 semiquavers simple-1200.png,"3811"
beam groups 12 semiquavers simple-1201.png,"3814"
beam groups 12 semiquavers simple-1202.png,"3817"
beam groups 12 semiquavers simple-1203.png,"3820"
beam groups 12 semiquavers simple-1204.png,"3823"
beam groups 12 semiquavers simple-1205.png,"3826"
beam groups 12 semiquavers simple-1206.png,"3829"
beam groups 12 semiquavers simple-1207.png,"3832"
beam groups 12 semiquavers simple-1208.png,"3835"
beam groups 12 semiquavers simple-1209.png,"3838"
beam groups 12 semiquavers simple-121.png,"438"
beam groups 12 semiquavers simple-1210.png,"3842"
beam groups 12 semiquavers simple-1211.png,"3846"
beam groups 12 semiquavers simple-1212.png,"3850"
beam groups 12 semiquavers simple-1213.png,"3854"
beam groups 12 semiquavers simple-1214.png,"3858"
beam groups 12 semiquavers simple-1215.png,"3861"
beam groups 12 semiquavers simple-1216.png,"3864"
beam groups 12 semiquavers simple-1217.png,"3867"
beam groups 12 semiquavers simple-1218.png,"3870"
beam groups 12 semiquavers simple-1219.png,"38873"
beam groups 12 semiquavers simple-122.png,"441"
beam groups 12 semiquavers simple-1220.png,"3876"
beam groups 12 semiquavers simple-1221.png,"3879"
beam groups 12 semiquavers simple-1222.png,"3882"
beam groups 12 semiquavers simple-1223.png,"3885"
beam groups 12 semiquavers simple-1224.png,"3888"
beam groups 12 semiquavers simple-1225.png,"3892"
beam groups 12 semiquavers simple-1226.png,"3895"
beam groups 12 semiquavers simple-1227.png,"3898"
beam groups 12 semiquavers simple-1228.png,"3901"
beam groups 12 semiquavers simple-1229.png,"3904"
beam groups 12 semiquavers simple-123.png,"444"
beam groups 12 semiquavers simple-1230.png,"3907"
beam groups 12 semiquavers simple-1231.png,"3910"
beam groups 12 semiquavers simple-1232.png,"3913"
beam groups 12 semiquavers simple-1233.png,"3916"
beam groups 12 semiquavers simple-1234.png,"3919"
beam groups 12 semiquavers simple-1235.png,"38922"
beam groups 12 semiquavers simple-1236.png,"3925"
beam groups 12 semiquavers simple-1237.png,"3928"
beam groups 12 semiquavers simple-1238.png,"3931"
beam groups 12 semiquavers simple-1239.png,"3934"
beam groups 12 semiquavers simple-124.png,"447"
beam groups 12 semiquavers simple-1240.png,"3937"
beam groups 12 semiquavers simple-1241.png,"3940"
beam groups 12 semiquavers simple-1242.png,"3943"
beam groups 12 semiquavers simple-1243.png,"3946"
beam groups 12 semiquavers simple-1244.png,"3949"
beam groups 12 semiquavers simple-1245.png,"3952"
beam groups 12 semiquavers simple-1246.png,"3955"
beam groups 12 semiquavers simple-1247.png,"3958"
beam groups 12 semiquavers simple-1248.png,"3961"
beam groups 12 semiquavers simple-1249.png,"3964"
beam groups 12 semiquavers simple-125.png,"451"
beam groups 12 semiquavers simple-1250.png,"3967"
beam groups 12 semiquavers simple-1251.png,"3971"
beam groups 12 semiquavers simple-1252.png,"3974"
beam groups 12 semiquavers simple-1253.png,"3977"
beam groups 12 semiquavers simple-1254.png,"3980"
beam groups 12 semiquavers simple-1255.png,"3983"
beam groups 12 semiquavers simple-1256.png,"3986"
beam groups 12 semiquavers simple-1257.png,"3989"
beam groups 12 semiquavers simple-1258.png,"3992"
beam groups 12 semiquavers simple-1259.png,"3995"
beam groups 12 semiquavers simple-126.png,"454"
beam groups 12 semiquavers simple-1260.png,"3998"
beam groups 12 semiquavers simple-1261.png,"4001"
beam groups 12 semiquavers simple-1262.png,"4004"
beam groups 12 semiquavers simple-1263.png,"4007"
beam groups 12 semiquavers simple-1264.png,"4010"
beam groups 12 semiquavers simple-1265.png,"4013"
beam groups 12 semiquavers simple-1266.png,"4016"
beam groups 12 semiquavers simple-1267.png,"4019"
beam groups 12 semiquavers simple-1268.png,"4022"
beam groups 12 semiquavers simple-1269.png,"4025"
beam groups 12 semiquavers simple-127.png,"457"
beam groups 12 semiquavers simple-1270.png,"4028"
beam groups 12 semiquavers simple-1271.png,"4031"
beam groups 12 semiquavers simple-1272.png,"40384"
beam groups 12 semiquavers simple-1273.png,"4037"
beam groups 12 semiquavers simple-1274.png,"4040"
beam groups 12 semiquavers simple-1275.png,"4043"
beam groups 12 semiquavers simple-1276.png,"4046"
beam groups 12 semiquavers simple-1277.png,"4049"
beam groups 12 semiquavers simple-1278.png,"4052"
beam groups 12 semiquavers simple-1279.png,"4055"
beam groups 12 semiquavers simple-128.png,"460"
beam groups 12 semiquavers simple-1280.png,"4058"
beam groups 12 semiquavers simple-1281.png,"4061"
beam groups 12 semiquavers simple-1282.png,"4064"
beam groups 12 semiquavers simple-1283.png,"4067"
beam groups 12 semiquavers simple-1284.png,"4070"
beam groups 12 semiquavers simple-1285.png,"4073"
beam groups 12 semiquavers simple-1286.png,"4076"
beam groups 12 semiquavers simple-1287.png,"4079"
beam groups 12 semiquavers simple-1288.png,"4082"
beam groups 12 semiquavers simple-1289.png,"4085"
beam groups 12 semiquavers simple-129.png,"463"
beam groups 12 semiquavers simple-1290.png,"4088"
beam groups 12 semiquavers simple-1291.png,"4091"
beam groups 12 semiquavers simple-1292.png,"4094"
beam groups 12 semiquavers simple-130.png,"466"
beam groups 12 semiquavers simple-131.png,"469"
beam groups 12 semiquavers simple-132.png,"472"
beam groups 12 semiquavers simple-133.png,"475"
beam groups 12 semiquavers simple-134.png,"478"
beam groups 12 semiquavers simple-135.png,"481"
beam groups 12 semiquavers simple-136.png,"484"
beam groups 12 semiquavers simple-137.png,"487"
beam groups 12 semiquavers simple-138.png,"490"
beam groups 12 semiquavers simple-139.png,"493"
beam groups 12 semiquavers simple-140.png,"496"
beam groups 12 semiquavers simple-141.png,"499"
beam groups 12 semiquavers simple-142.png,"502"
beam groups 12 semiquavers simple-143.png,"505"
beam groups 12 semiquavers simple-144.png,"508"
beam groups 12 semiquavers simple-145.png,"511"
beam groups 12 semiquavers simple-146.png,"15"
beam groups 12 semiquavers simple-147.png,"519"
beam groups 12 semiquavers simple-148.png,"23"
beam groups 12 semiquavers simple-149.png,"527"
beam groups 12 semiquavers simple-150.png,"531"
beam groups 12 semiquavers simple-151.png,"584"
beam groups 12 semiquavers simple-152.png,"5387"
beam groups 12 semiquavers simple-153.png,"540"
beam groups 12 semiquavers simple-154.png,"543"
beam groups 12 semiquavers simple-155.png,"546"
beam groups 12 semiquavers simple-156.png,"549"
beam groups 12 semiquavers simple-157.png,"582"
beam groups 12 semiquavers simple-158.png,"585"
beam groups 12 semiquavers simple-159.png,"588"
beam groups 12 semiquavers simple-160.png,"562"
beam groups 12 semiquavers simple-161.png,"565"
beam groups 12 semiquavers simple-162.png,"568"
beam groups 12 semiquavers simple-163.png,"571"
beam groups 12 semiquavers simple-164.png,"574"
beam groups 12 semiquavers simple-165.png,"578"
beam groups 12 semiquavers simple-166.png,"581"
beam groups 12 semiquavers simple-167.png,"584"
beam groups 12 semiquavers simple-168.png,"587"
beam groups 12 semiquavers simple-169.png,"590"
beam groups 12 semiquavers simple-170.png,"593"
beam groups 12 semiquavers simple-171.png,"596"
beam groups 12 semiquavers simple-172.png,"599"
beam groups 12 semiquavers simple-173.png,"602"
beam groups 12 semiquavers simple-174.png,"605"
beam groups 12 semiquavers simple-175.png,"608"
beam groups 12 semiquavers simple-176.png,"611"
beam groups 12 semiquavers simple-177.png,"614"
beam groups 12 semiquavers simple-178.png,"617"
beam groups 12 semiquavers simple-179.png,"620"
beam groups 12 semiquavers simple-180.png,"623"
beam groups 12 semiquavers simple-181.png,"626"
beam groups 12 semiquavers simple-182.png,"629"
beam groups 12 semiquavers simple-183.png,"632"
beam groups 12 semiquavers simple-184.png,"635"
beam groups 12 semiquavers simple-185.png,"638"
beam groups 12 semiquavers simple-186.png,"642"
beam groups 12 semiquavers simple-187.png,"646"
beam groups 12 semiquavers simple-188.png,"650"
beam groups 12 semiquavers simple-189.png,"658"
beam groups 12 semiquavers simple-190.png,"657"
beam groups 12 semiquavers simple-191.png,"660"
beam groups 12 semiquavers simple-192.png,"668"
beam groups 12 semiquavers simple-193.png,"666"
beam groups 12 semiquavers simple-194.png,"669"
beam groups 12 semiquavers simple-195.png,"672"
beam groups 12 semiquavers simple-196.png,"675"
beam groups 12 semiquavers simple-197.png,"678"
beam groups 12 semiquavers simple-198.png,"681"
beam groups 12 semiquavers simple-199.png,"684"
beam groups 12 semiquavers simple-200.png,"687"
beam groups 12 semiquavers simple-201.png,"690"
beam groups 12 semiquavers simple-202.png,"6938"
beam groups 12 semiquavers simple-203.png,"696"
beam groups 12 semiquavers simple-204.png,"699"
beam groups 12 semiquavers simple-205.png,"702"
beam groups 12 semiquavers simple-206.png,"705"
beam groups 12 semiquavers simple-207.png,"709"
beam groups 12 semiquavers simple-208.png,"712"
beam groups 12 semiquavers simple-209.png,"715"
beam groups 12 semiquavers simple-210.png,"718"
beam groups 12 semiquavers simple-211.png,"721"
beam groups 12 semiquavers simple-212.png,"724"
beam groups 12 semiquavers simple-213.png,"727"
beam groups 12 semiquavers simple-214.png,"730"
beam groups 12 semiquavers simple-215.png,"7383"
beam groups 12 semiquavers simple-216.png,"736"
beam groups 12 semiquavers simple-217.png,"739"
beam groups 12 semiquavers simple-218.png,"742"
beam groups 12 semiquavers simple-219.png,"745"
beam groups 12 semiquavers simple-220.png,"748"
beam groups 12 semiquavers simple-221.png,"751"
beam groups 12 semiquavers simple-222.png,"754"
beam groups 12 semiquavers simple-223.png,"757"
beam groups 12 semiquavers simple-224.png,"760"
beam groups 12 semiquavers simple-225.png,"763"
beam groups 12 semiquavers simple-226.png,"766"
beam groups 12 semiquavers simple-227.png,"770"
beam groups 12 semiquavers simple-228.png,"774"
beam groups 12 semiquavers simple-229.png,"778"
beam groups 12 semiquavers simple-230.png,"782"
beam groups 12 semiquavers simple-231.png,"786"
beam groups 12 semiquavers simple-232.png,"789"
beam groups 12 semiquavers simple-233.png,"792"
beam groups 12 semiquavers simple-234.png,"795"
beam groups 12 semiquavers simple-235.png,"798"
beam groups 12 semiquavers simple-236.png,"802"
beam groups 12 semiquavers simple-237.png,"805"
beam groups 12 semiquavers simple-238.png,"808"
beam groups 12 semiquavers simple-239.png,"811"
beam groups 12 semiquavers simple-240.png,"814"
beam groups 12 semiquavers simple-241.png,"818"
beam groups 12 semiquavers simple-242.png,"822"
beam groups 12 semiquavers simple-243.png,"826"
beam groups 12 semiquavers simple-244.png,"829"
beam groups 12 semiquavers simple-245.png,"8383"
beam groups 12 semiquavers simple-246.png,"837"
beam groups 12 semiquavers simple-247.png,"840"
beam groups 12 semiquavers simple-248.png,"843"
beam groups 12 semiquavers simple-249.png,"846"
beam groups 12 semiquavers simple-250.png,"849"
beam groups 12 semiquavers simple-251.png,"852"
beam groups 12 semiquavers simple-252.png,"855"
beam groups 12 semiquavers simple-253.png,"858"
beam groups 12 semiquavers simple-254.png,"861"
beam groups 12 semiquavers simple-255.png,"864"
beam groups 12 semiquavers simple-256.png,"868"
beam groups 12 semiquavers simple-257.png,"871"
beam groups 12 semiquavers simple-258.png,"874"
beam groups 12 semiquavers simple-259.png,"877"
beam groups 12 semiquavers simple-260.png,"880"
beam groups 12 semiquavers simple-261.png,"884"
beam groups 12 semiquavers simple-262.png,"887"
beam groups 12 semiquavers simple-263.png,"890"
beam groups 12 semiquavers simple-264.png,"893"
beam groups 12 semiquavers simple-265.png,"897"
beam groups 12 semiquavers simple-266.png,"901"
beam groups 12 semiquavers simple-267.png,"905"
beam groups 12 semiquavers simple-268.png,"909"
beam groups 12 semiquavers simple-269.png,"9138"
beam groups 12 semiquavers simple-270.png,"916"
beam groups 12 semiquavers simple-271.png,"919"
beam groups 12 semiquavers simple-272.png,"922"
beam groups 12 semiquavers simple-273.png,"925"
beam groups 12 semiquavers simple-274.png,"928"
beam groups 12 semiquavers simple-275.png,"931"
beam groups 12 semiquavers simple-276.png,"934"
beam groups 12 semiquavers simple-277.png,"937"
beam groups 12 semiquavers simple-278.png,"940"
beam groups 12 semiquavers simple-279.png,"948"
beam groups 12 semiquavers simple-280.png,"946"
beam groups 12 semiquavers simple-281.png,"949"
beam groups 12 semiquavers simple-282.png,"952"
beam groups 12 semiquavers simple-283.png,"955"
beam groups 12 semiquavers simple-284.png,"958"
beam groups 12 semiquavers simple-285.png,"962"
beam groups 12 semiquavers simple-286.png,"966"
beam groups 12 semiquavers simple-287.png,"970"
beam groups 12 semiquavers simple-288.png,"9738"
beam groups 12 semiquavers simple-289.png,"977"
beam groups 12 semiquavers simple-290.png,"980"
beam groups 12 semiquavers simple-291.png,"983"
beam groups 12 semiquavers simple-292.png,"986"
beam groups 12 semiquavers simple-293.png,"989"
beam groups 12 semiquavers simple-294.png,"992"
beam groups 12 semiquavers simple-295.png,"996"
beam groups 12 semiquavers simple-296.png,"999"
beam groups 12 semiquavers simple-297.png,"1002"
beam groups 12 semiquavers simple-298.png,"1005"
beam groups 12 semiquavers simple-299.png,"1008"
beam groups 12 semiquavers simple-300.png,"1012"
beam groups 12 semiquavers simple-301.png,"10185"
beam groups 12 semiquavers simple-302.png,"1018"
beam groups 12 semiquavers simple-303.png,"1021"
beam groups 12 semiquavers simple-304.png,"1025"
beam groups 12 semiquavers simple-305.png,"1029"
beam groups 12 semiquavers simple-306.png,"1083"
beam groups 12 semiquavers simple-307.png,"10387"
beam groups 12 semiquavers simple-308.png,"1041"
beam groups 12 semiquavers simple-309.png,"1044"
beam groups 12 semiquavers simple-310.png,"1047"
beam groups 12 semiquavers simple-311.png,"1050"
beam groups 12 semiquavers simple-312.png,"1053"
beam groups 12 semiquavers simple-313.png,"1056"
beam groups 12 semiquavers simple-314.png,"1060"
beam groups 12 semiquavers simple-315.png,"1063"
beam groups 12 semiquavers simple-316.png,"1066"
beam groups 12 semiquavers simple-317.png,"1069"
beam groups 12 semiquavers simple-318.png,"1072"
beam groups 12 semiquavers simple-319.png,"1076"
beam groups 12 semiquavers simple-320.png,"1079"
beam groups 12 semiquavers simple-321.png,"1082"
beam groups 12 semiquavers simple-322.png,"1085"
beam groups 12 semiquavers simple-323.png,"1088"
beam groups 12 semiquavers simple-324.png,"1092"
beam groups 12 semiquavers simple-325.png,"1095"
beam groups 12 semiquavers simple-326.png,"1098"
beam groups 12 semiquavers simple-327.png,"1101"
beam groups 12 semiquavers simple-328.png,"1104"
beam groups 12 semiquavers simple-329.png,"1107"
beam groups 12 semiquavers simple-330.png,"1110"
beam groups 12 semiquavers simple-331.png,"1113"
beam groups 12 semiquavers simple-332.png,"1116"
beam groups 12 semiquavers simple-333.png,"1119"
beam groups 12 semiquavers simple-334.png,"1122"
beam groups 12 semiquavers simple-335.png,"1125"
beam groups 12 semiquavers simple-336.png,"1128"
beam groups 12 semiquavers simple-337.png,"1181"
beam groups 12 semiquavers simple-338.png,"11384"
beam groups 12 semiquavers simple-339.png,"1187"
beam groups 12 semiquavers simple-340.png,"1140"
beam groups 12 semiquavers simple-341.png,"1143"
beam groups 12 semiquavers simple-342.png,"1146"
beam groups 12 semiquavers simple-343.png,"1149"
beam groups 12 semiquavers simple-344.png,"1152"
beam groups 12 semiquavers simple-345.png,"1156"
beam groups 12 semiquavers simple-346.png,"1159"
beam groups 12 semiquavers simple-347.png,"1163"
beam groups 12 semiquavers simple-348.png,"1167"
beam groups 12 semiquavers simple-349.png,"1170"
beam groups 12 semiquavers simple-350.png,"1173"
beam groups 12 semiquavers simple-351.png,"1176"
beam groups 12 semiquavers simple-352.png,"1179"
beam groups 12 semiquavers simple-353.png,"1182"
beam groups 12 semiquavers simple-354.png,"1185"
beam groups 12 semiquavers simple-355.png,"1188"
beam groups 12 semiquavers simple-356.png,"1191"
beam groups 12 semiquavers simple-357.png,"1194"
beam groups 12 semiquavers simple-358.png,"1197"
beam groups 12 semiquavers simple-359.png,"1200"
beam groups 12 semiquavers simple-360.png,"1203"
beam groups 12 semiquavers simple-361.png,"1206"
beam groups 12 semiquavers simple-362.png,"1209"
beam groups 12 semiquavers simple-363.png,"1212"
beam groups 12 semiquavers simple-364.png,"1215"
beam groups 12 semiquavers simple-365.png,"1219"
beam groups 12 semiquavers simple-366.png,"1222"
beam groups 12 semiquavers simple-367.png,"1225"
beam groups 12 semiquavers simple-368.png,"1228"
beam groups 12 semiquavers simple-369.png,"1281"
beam groups 12 semiquavers simple-370.png,"1284"
beam groups 12 semiquavers simple-371.png,"1287"
beam groups 12 semiquavers simple-372.png,"1240"
beam groups 12 semiquavers simple-373.png,"1243"
beam groups 12 semiquavers simple-374.png,"1246"
beam groups 12 semiquavers simple-375.png,"1249"
beam groups 12 semiquavers simple-376.png,"1252"
beam groups 12 semiquavers simple-377.png,"1255"
beam groups 12 semiquavers simple-378.png,"1258"
beam groups 12 semiquavers simple-379.png,"1261"
beam groups 12 semiquavers simple-380.png,"1264"
beam groups 12 semiquavers simple-381.png,"1267"
beam groups 12 semiquavers simple-382.png,"1270"
beam groups 12 semiquavers simple-383.png,"1273"
beam groups 12 semiquavers simple-384.png,"1276"
beam groups 12 semiquavers simple-385.png,"1279"
beam groups 12 semiquavers simple-386.png,"1283"
beam groups 12 semiquavers simple-387.png,"1287"
beam groups 12 semiquavers simple-388.png,"1291"
beam groups 12 semiquavers simple-389.png,"1295"
beam groups 12 semiquavers simple-390.png,"1298"
beam groups 12 semiquavers simple-391.png,"1301"
beam groups 12 semiquavers simple-392.png,"1304"
beam groups 12 semiquavers simple-393.png,"1307"
beam groups 12 semiquavers simple-394.png,"1310"
beam groups 12 semiquavers simple-395.png,"1813"
beam groups 12 semiquavers simple-396.png,"13816"
beam groups 12 semiquavers simple-397.png,"1819"
beam groups 12 semiquavers simple-398.png,"1822"
beam groups 12 semiquavers simple-399.png,"1825"
beam groups 12 semiquavers simple-400.png,"1828"
beam groups 12 semiquavers simple-401.png,"13381"
beam groups 12 semiquavers simple-402.png,"13384"
beam groups 12 semiquavers simple-403.png,"1387"
beam groups 12 semiquavers simple-404.png,"1340"
beam groups 12 semiquavers simple-405.png,"13843"
beam groups 12 semiquavers simple-406.png,"1346"
beam groups 12 semiquavers simple-407.png,"1849"
beam groups 12 semiquavers simple-408.png,"13852"
beam groups 12 semiquavers simple-409.png,"13855"
beam groups 12 semiquavers simple-410.png,"13858"
beam groups 12 semiquavers simple-411.png,"1361"
beam groups 12 semiquavers simple-412.png,"1364"
beam groups 12 semiquavers simple-413.png,"1367"
beam groups 12 semiquavers simple-414.png,"1370"
beam groups 12 semiquavers simple-415.png,"1873"
beam groups 12 semiquavers simple-416.png,"1376"
beam groups 12 semiquavers simple-417.png,"1879"
beam groups 12 semiquavers simple-418.png,"1882"
beam groups 12 semiquavers simple-419.png,"1885"
beam groups 12 semiquavers simple-420.png,"1388"
beam groups 12 semiquavers simple-421.png,"1391"
beam groups 12 semiquavers simple-422.png,"13894"
beam groups 12 semiquavers simple-423.png,"[2, 1397]"
beam groups 12 semiquavers simple-424.png,"1400"
beam groups 12 semiquavers simple-425.png,"1403"
beam groups 12 semiquavers simple-426.png,"1406"
beam groups 12 semiquavers simple-427.png,"1409"
beam groups 12 semiquavers simple-428.png,"1412"
beam groups 12 semiquavers simple-429.png,"1415"
beam groups 12 semiquavers simple-430.png,"1418"
beam groups 12 semiquavers simple-431.png,"1421"
beam groups 12 semiquavers simple-432.png,"1424"
beam groups 12 semiquavers simple-433.png,"1427"
beam groups 12 semiquavers simple-434.png,"1480"
beam groups 12 semiquavers simple-435.png,"1483"
beam groups 12 semiquavers simple-436.png,"1486"
beam groups 12 semiquavers simple-437.png,"1489"
beam groups 12 semiquavers simple-438.png,"1442"
beam groups 12 semiquavers simple-439.png,"1445"
beam groups 12 semiquavers simple-440.png,"1448"
beam groups 12 semiquavers simple-441.png,"1451"
beam groups 12 semiquavers simple-442.png,"1454"
beam groups 12 semiquavers simple-443.png,"1457"
beam groups 12 semiquavers simple-444.png,"1460"
beam groups 12 semiquavers simple-445.png,"1463"
beam groups 12 semiquavers simple-446.png,"1466"
beam groups 12 semiquavers simple-447.png,"1469"
beam groups 12 semiquavers simple-448.png,"1472"
beam groups 12 semiquavers simple-449.png,"1475"
beam groups 12 semiquavers simple-450.png,"1478"
beam groups 12 semiquavers simple-451.png,"1481"
beam groups 12 semiquavers simple-452.png,"1484"
beam groups 12 semiquavers simple-453.png,"1487"
beam groups 12 semiquavers simple-454.png,"1490"
beam groups 12 semiquavers simple-455.png,"1493"
beam groups 12 semiquavers simple-456.png,"1496"
beam groups 12 semiquavers simple-457.png,"1499"
beam groups 12 semiquavers simple-458.png,"1502"
beam groups 12 semiquavers simple-459.png,"1505"
beam groups 12 semiquavers simple-460.png,"1508"
beam groups 12 semiquavers simple-461.png,"1511"
beam groups 12 semiquavers simple-462.png,"1514"
beam groups 12 semiquavers simple-463.png,"1517"
beam groups 12 semiquavers simple-464.png,"1520"
beam groups 12 semiquavers simple-465.png,"1523"
beam groups 12 semiquavers simple-466.png,"1526"
beam groups 12 semiquavers simple-467.png,"1529"
beam groups 12 semiquavers simple-468.png,"1582"
beam groups 12 semiquavers simple-469.png,"1585"
beam groups 12 semiquavers simple-470.png,"1589"
beam groups 12 semiquavers simple-471.png,"1543"
beam groups 12 semiquavers simple-472.png,"1547"
beam groups 12 semiquavers simple-473.png,"1551"
beam groups 12 semiquavers simple-474.png,"1555"
beam groups 12 semiquavers simple-475.png,"1558"
beam groups 12 semiquavers simple-476.png,"1561"
beam groups 12 semiquavers simple-477.png,"1564"
beam groups 12 semiquavers simple-478.png,"1567"
beam groups 12 semiquavers simple-479.png,"1570"
beam groups 12 semiquavers simple-480.png,"1573"
beam groups 12 semiquavers simple-481.png,"1576"
beam groups 12 semiquavers simple-482.png,"1579"
beam groups 12 semiquavers simple-483.png,"1582"
beam groups 12 semiquavers simple-484.png,"1585"
beam groups 12 semiquavers simple-485.png,"1588"
beam groups 12 semiquavers simple-486.png,"1591"
beam groups 12 semiquavers simple-487.png,"1594"
beam groups 12 semiquavers simple-488.png,"1597"
beam groups 12 semiquavers simple-489.png,"1600"
beam groups 12 semiquavers simple-490.png,"1603"
beam groups 12 semiquavers simple-491.png,"1606"
beam groups 12 semiquavers simple-492.png,"1609"
beam groups 12 semiquavers simple-493.png,"1612"
beam groups 12 semiquavers simple-494.png,"1615"
beam groups 12 semiquavers simple-495.png,"1618"
beam groups 12 semiquavers simple-496.png,"1621"
beam groups 12 semiquavers simple-497.png,"1624"
beam groups 12 semiquavers simple-498.png,"1627"
beam groups 12 semiquavers simple-499.png,"16380"
beam groups 12 semiquavers simple-500.png,"1683"
beam groups 12 semiquavers simple-501.png,"1686"
beam groups 12 semiquavers simple-502.png,"[2, 1689]"
beam groups 12 semiquavers simple-503.png,"1642"
beam groups 12 semiquavers simple-504.png,"1645"
beam groups 12 semiquavers simple-505.png,"1648"
beam groups 12 semiquavers simple-506.png,"1651"
beam groups 12 semiquavers simple-507.png,"1654"
beam groups 12 semiquavers simple-508.png,"1657"
beam groups 12 semiquavers simple-509.png,"1660"
beam groups 12 semiquavers simple-510.png,"1663"
beam groups 12 semiquavers simple-511.png,"1667"
beam groups 12 semiquavers simple-512.png,"1670"
beam groups 12 semiquavers simple-513.png,"1673"
beam groups 12 semiquavers simple-514.png,"1676"
beam groups 12 semiquavers simple-515.png,"1679"
beam groups 12 semiquavers simple-516.png,"1682"
beam groups 12 semiquavers simple-517.png,"1685"
beam groups 12 semiquavers simple-518.png,"1688"
beam groups 12 semiquavers simple-519.png,"1691"
beam groups 12 semiquavers simple-520.png,"1694"
beam groups 12 semiquavers simple-521.png,"1697"
beam groups 12 semiquavers simple-522.png,"1700"
beam groups 12 semiquavers simple-523.png,"1703"
beam groups 12 semiquavers simple-524.png,"1706"
beam groups 12 semiquavers simple-525.png,"1709"
beam groups 12 semiquavers simple-526.png,"1712"
beam groups 12 semiquavers simple-527.png,"1718"
beam groups 12 semiquavers simple-528.png,"1718"
beam groups 12 semiquavers simple-529.png,"1721"
beam groups 12 semiquavers simple-530.png,"1724"
beam groups 12 semiquavers simple-531.png,"1727"
beam groups 12 semiquavers simple-532.png,"17380"
beam groups 12 semiquavers simple-533.png,"1783"
beam groups 12 semiquavers simple-534.png,"1786"
beam groups 12 semiquavers simple-535.png,"1789"
beam groups 12 semiquavers simple-536.png,"1742"
beam groups 12 semiquavers simple-537.png,"1745"
beam groups 12 semiquavers simple-538.png,"1748"
beam groups 12 semiquavers simple-539.png,"1751"
beam groups 12 semiquavers simple-540.png,"1754"
beam groups 12 semiquavers simple-541.png,"1757"
beam groups 12 semiquavers simple-542.png,"1760"
beam groups 12 semiquavers simple-543.png,"1763"
beam groups 12 semiquavers simple-544.png,"1766"
beam groups 12 semiquavers simple-545.png,"1769"
beam groups 12 semiquavers simple-546.png,"1772"
beam groups 12 semiquavers simple-547.png,"1775"
beam groups 12 semiquavers simple-548.png,"1778"
beam groups 12 semiquavers simple-549.png,"1781"
beam groups 12 semiquavers simple-550.png,"1784"
beam groups 12 semiquavers simple-551.png,"1787"
beam groups 12 semiquavers simple-552.png,"1790"
beam groups 12 semiquavers simple-553.png,"1794"
beam groups 12 semiquavers simple-554.png,"1798"
beam groups 12 semiquavers simple-555.png,"1802"
beam groups 12 semiquavers simple-556.png,"1806"
beam groups 12 semiquavers simple-557.png,"1810"
beam groups 12 semiquavers simple-558.png,"1813"
beam groups 12 semiquavers simple-559.png,"1816"
beam groups 12 semiquavers simple-560.png,"1819"
beam groups 12 semiquavers simple-561.png,"1822"
beam groups 12 semiquavers simple-562.png,"1825"
beam groups 12 semiquavers simple-563.png,"1828"
beam groups 12 semiquavers simple-564.png,"1831"
beam groups 12 semiquavers simple-565.png,"1834"
beam groups 12 semiquavers simple-566.png,"1837"
beam groups 12 semiquavers simple-567.png,"1840"
beam groups 12 semiquavers simple-568.png,"1844"
beam groups 12 semiquavers simple-569.png,"1847"
beam groups 12 semiquavers simple-570.png,"1850"
beam groups 12 semiquavers simple-571.png,"1853"
beam groups 12 semiquavers simple-572.png,"1856"
beam groups 12 semiquavers simple-573.png,"1859"
beam groups 12 semiquavers simple-574.png,"1862"
beam groups 12 semiquavers simple-575.png,"1865"
beam groups 12 semiquavers simple-576.png,"1868"
beam groups 12 semiquavers simple-577.png,"1871"
beam groups 12 semiquavers simple-578.png,"1874"
beam groups 12 semiquavers simple-579.png,"1877"
beam groups 12 semiquavers simple-580.png,"1880"
beam groups 12 semiquavers simple-581.png,"1883"
beam groups 12 semiquavers simple-582.png,"1886"
beam groups 12 semiquavers simple-583.png,"1889"
beam groups 12 semiquavers simple-584.png,"1892"
beam groups 12 semiquavers simple-585.png,"1895"
beam groups 12 semiquavers simple-586.png,"1898"
beam groups 12 semiquavers simple-587.png,"1901"
beam groups 12 semiquavers simple-588.png,"1904"
beam groups 12 semiquavers simple-589.png,"1907"
beam groups 12 semiquavers simple-590.png,"1910"
beam groups 12 semiquavers simple-591.png,"1913"
beam groups 12 semiquavers simple-592.png,"1916"
beam groups 12 semiquavers simple-593.png,"1919"
beam groups 12 semiquavers simple-594.png,"1923"
beam groups 12 semiquavers simple-595.png,"1926"
beam groups 12 semiquavers simple-596.png,"1929"
beam groups 12 semiquavers simple-597.png,"1982"
beam groups 12 semiquavers simple-598.png,"1985"
beam groups 12 semiquavers simple-599.png,"1988"
beam groups 12 semiquavers simple-600.png,"1941"
beam groups 12 semiquavers simple-601.png,"1944"
beam groups 12 semiquavers simple-602.png,"1947"
beam groups 12 semiquavers simple-603.png,"1950"
beam groups 12 semiquavers simple-604.png,"1953"
beam groups 12 semiquavers simple-605.png,"1956"
beam groups 12 semiquavers simple-606.png,"1959"
beam groups 12 semiquavers simple-607.png,"1962"
beam groups 12 semiquavers simple-608.png,"1965"
beam groups 12 semiquavers simple-609.png,"1968"
beam groups 12 semiquavers simple-610.png,"1971"
beam groups 12 semiquavers simple-611.png,"1974"
beam groups 12 semiquavers simple-612.png,"1977"
beam groups 12 semiquavers simple-613.png,"1980"
beam groups 12 semiquavers simple-614.png,"1983"
beam groups 12 semiquavers simple-615.png,"1986"
beam groups 12 semiquavers simple-616.png,"1989"
beam groups 12 semiquavers simple-617.png,"1992"
beam groups 12 semiquavers simple-618.png,"1995"
beam groups 12 semiquavers simple-619.png,"1998"
beam groups 12 semiquavers simple-620.png,"2001"
beam groups 12 semiquavers simple-621.png,"2004"
beam groups 12 semiquavers simple-622.png,"2007"
beam groups 12 semiquavers simple-623.png,"2010"
beam groups 12 semiquavers simple-624.png,"2013"
beam groups 12 semiquavers simple-625.png,"2016"
beam groups 12 semiquavers simple-626.png,"2019"
beam groups 12 semiquavers simple-627.png,"2022"
beam groups 12 semiquavers simple-628.png,"2025"
beam groups 12 semiquavers simple-629.png,"2028"
beam groups 12 semiquavers simple-630.png,"20381"
beam groups 12 semiquavers simple-631.png,"20384"
beam groups 12 semiquavers simple-632.png,"2037"
beam groups 12 semiquavers simple-633.png,"2040"
beam groups 12 semiquavers simple-634.png,"2043"
beam groups 12 semiquavers simple-635.png,"2046"
beam groups 12 semiquavers simple-636.png,"2050"
beam groups 12 semiquavers simple-637.png,"2054"
beam groups 12 semiquavers simple-638.png,"2058"
beam groups 12 semiquavers simple-639.png,"2062"
beam groups 12 semiquavers simple-640.png,"2066"
beam groups 12 semiquavers simple-641.png,"2069"
beam groups 12 semiquavers simple-642.png,"2072"
beam groups 12 semiquavers simple-643.png,"2075"
beam groups 12 semiquavers simple-644.png,"2078"
beam groups 12 semiquavers simple-645.png,"2082"
beam groups 12 semiquavers simple-646.png,"2085"
beam groups 12 semiquavers simple-647.png,"2088"
beam groups 12 semiquavers simple-648.png,"2091"
beam groups 12 semiquavers simple-649.png,"2094"
beam groups 12 semiquavers simple-650.png,"2098"
beam groups 12 semiquavers simple-651.png,"2102"
beam groups 12 semiquavers simple-652.png,"2106"
beam groups 12 semiquavers simple-653.png,"2109"
beam groups 12 semiquavers simple-654.png,"2113"
beam groups 12 semiquavers simple-655.png,"2117"
beam groups 12 semiquavers simple-656.png,"2120"
beam groups 12 semiquavers simple-657.png,"2123"
beam groups 12 semiquavers simple-658.png,"2126"
beam groups 12 semiquavers simple-659.png,"2129"
beam groups 12 semiquavers simple-660.png,"2182"
beam groups 12 semiquavers simple-661.png,"2135"
beam groups 12 semiquavers simple-662.png,"2188"
beam groups 12 semiquavers simple-663.png,"2141"
beam groups 12 semiquavers simple-664.png,"2144"
beam groups 12 semiquavers simple-665.png,"2148"
beam groups 12 semiquavers simple-666.png,"2151"
beam groups 12 semiquavers simple-667.png,"2154"
beam groups 12 semiquavers simple-668.png,"2157"
beam groups 12 semiquavers simple-669.png,"2160"
beam groups 12 semiquavers simple-670.png,"2164"
beam groups 12 semiquavers simple-671.png,"2167"
beam groups 12 semiquavers simple-672.png,"2170"
beam groups 12 semiquavers simple-673.png,"2173"
beam groups 12 semiquavers simple-674.png,"2177"
beam groups 12 semiquavers simple-675.png,"2181"
beam groups 12 semiquavers simple-676.png,"2185"
beam groups 12 semiquavers simple-677.png,"2189"
beam groups 12 semiquavers simple-678.png,"2193"
beam groups 12 semiquavers simple-679.png,"2196"
beam groups 12 semiquavers simple-680.png,"2199"
beam groups 12 semiquavers simple-681.png,"2202"
beam groups 12 semiquavers simple-682.png,"2205"
beam groups 12 semiquavers simple-683.png,"2208"
beam groups 12 semiquavers simple-684.png,"2271"
beam groups 12 semiquavers simple-685.png,"2214"
beam groups 12 semiquavers simple-686.png,"2217"
beam groups 12 semiquavers simple-687.png,"2220"
beam groups 12 semiquavers simple-688.png,"22923"
beam groups 12 semiquavers simple-689.png,"2296"
beam groups 12 semiquavers simple-690.png,"2229"
beam groups 12 semiquavers simple-691.png,"2282"
beam groups 12 semiquavers simple-692.png,"2235"
beam groups 12 semiquavers simple-693.png,"2288"
beam groups 12 semiquavers simple-694.png,"2242"
beam groups 12 semiquavers simple-695.png,"2246"
beam groups 12 semiquavers simple-696.png,"2250"
beam groups 12 semiquavers simple-697.png,"2253"
beam groups 12 semiquavers simple-698.png,"2257"
beam groups 12 semiquavers simple-699.png,"2260"
beam groups 12 semiquavers simple-700.png,"2263"
beam groups 12 semiquavers simple-701.png,"2266"
beam groups 12 semiquavers simple-702.png,"2269"
beam groups 12 semiquavers simple-703.png,"2272"
beam groups 12 semiquavers simple-704.png,"2276"
beam groups 12 semiquavers simple-705.png,"2279"
beam groups 12 semiquavers simple-706.png,"2282"
beam groups 12 semiquavers simple-707.png,"2285"
beam groups 12 semiquavers simple-708.png,"2288"
beam groups 12 semiquavers simple-709.png,"2292"
beam groups 12 semiquavers simple-710.png,"2295"
beam groups 12 semiquavers simple-711.png,"2298"
beam groups 12 semiquavers simple-712.png,"23801"
beam groups 12 semiquavers simple-713.png,"2805"
beam groups 12 semiquavers simple-714.png,"2809"
beam groups 12 semiquavers simple-715.png,"238138"
beam groups 12 semiquavers simple-716.png,"23817"
beam groups 12 semiquavers simple-717.png,"23821"
beam groups 12 semiquavers simple-718.png,"2324"
beam groups 12 semiquavers simple-719.png,"23827"
beam groups 12 semiquavers simple-720.png,"238380"
beam groups 12 semiquavers simple-721.png,"23883"
beam groups 12 semiquavers simple-722.png,"2836"
beam groups 12 semiquavers simple-723.png,"2889"
beam groups 12 semiquavers simple-724.png,"23842"
beam groups 12 semiquavers simple-725.png,"2845"
beam groups 12 semiquavers simple-726.png,"23848"
beam groups 12 semiquavers simple-727.png,"2351"
beam groups 12 semiquavers simple-728.png,"2354"
beam groups 12 semiquavers simple-729.png,"23857"
beam groups 12 semiquavers simple-730.png,"2360"
beam groups 12 semiquavers simple-731.png,"23863"
beam groups 12 semiquavers simple-732.png,"23866"
beam groups 12 semiquavers simple-733.png,"23869"
beam groups 12 semiquavers simple-734.png,"23872"
beam groups 12 semiquavers simple-735.png,"2875"
beam groups 12 semiquavers simple-736.png,"23878"
beam groups 12 semiquavers simple-737.png,"23881"
beam groups 12 semiquavers simple-738.png,"23884"
beam groups 12 semiquavers simple-739.png,"23887"
beam groups 12 semiquavers simple-740.png,"23890"
beam groups 12 semiquavers simple-741.png,"23893"
beam groups 12 semiquavers simple-742.png,"2896"
beam groups 12 semiquavers simple-743.png,"2899"
beam groups 12 semiquavers simple-744.png,"2402"
beam groups 12 semiquavers simple-745.png,"2405"
beam groups 12 semiquavers simple-746.png,"2408"
beam groups 12 semiquavers simple-747.png,"2411"
beam groups 12 semiquavers simple-748.png,"2414"
beam groups 12 semiquavers simple-749.png,"2417"
beam groups 12 semiquavers simple-750.png,"2420"
beam groups 12 semiquavers simple-751.png,"2423"
beam groups 12 semiquavers simple-752.png,"2426"
beam groups 12 semiquavers simple-753.png,"2429"
beam groups 12 semiquavers simple-754.png,"2482"
beam groups 12 semiquavers simple-755.png,"2436"
beam groups 12 semiquavers simple-756.png,"2489"
beam groups 12 semiquavers simple-757.png,"2442"
beam groups 12 semiquavers simple-758.png,"2445"
beam groups 12 semiquavers simple-759.png,"2448"
beam groups 12 semiquavers simple-760.png,"2451"
beam groups 12 semiquavers simple-761.png,"2454"
beam groups 12 semiquavers simple-762.png,"2457"
beam groups 12 semiquavers simple-763.png,"2460"
beam groups 12 semiquavers simple-764.png,"2463"
beam groups 12 semiquavers simple-765.png,"2466"
beam groups 12 semiquavers simple-766.png,"2469"
beam groups 12 semiquavers simple-767.png,"2472"
beam groups 12 semiquavers simple-768.png,"2475"
beam groups 12 semiquavers simple-769.png,"2478"
beam groups 12 semiquavers simple-770.png,"2481"
beam groups 12 semiquavers simple-771.png,"2484"
beam groups 12 semiquavers simple-772.png,"2487"
beam groups 12 semiquavers simple-773.png,"2490"
beam groups 12 semiquavers simple-774.png,"2493"
beam groups 12 semiquavers simple-775.png,"2496"
beam groups 12 semiquavers simple-776.png,"2499"
beam groups 12 semiquavers simple-777.png,"2502"
beam groups 12 semiquavers simple-778.png,"2505"
beam groups 12 semiquavers simple-779.png,"2508"
beam groups 12 semiquavers simple-780.png,"2511"
beam groups 12 semiquavers simple-781.png,"2514"
beam groups 12 semiquavers simple-782.png,"2517"
beam groups 12 semiquavers simple-783.png,"2520"
beam groups 12 semiquavers simple-784.png,"2523"
beam groups 12 semiquavers simple-785.png,"2526"
beam groups 12 semiquavers simple-786.png,"2529"
beam groups 12 semiquavers simple-787.png,"2582"
beam groups 12 semiquavers simple-788.png,"25385"
beam groups 12 semiquavers simple-789.png,"2588"
beam groups 12 semiquavers simple-790.png,"2541"
beam groups 12 semiquavers simple-791.png,"2544"
beam groups 12 semiquavers simple-792.png,"2547"
beam groups 12 semiquavers simple-793.png,"2550"
beam groups 12 semiquavers simple-794.png,"2553"
beam groups 12 semiquavers simple-795.png,"2556"
beam groups 12 semiquavers simple-796.png,"2559"
beam groups 12 semiquavers simple-797.png,"2563"
beam groups 12 semiquavers simple-798.png,"2566"
beam groups 12 semiquavers simple-799.png,"2570"
beam groups 12 semiquavers simple-800.png,"2573"
beam groups 12 semiquavers simple-801.png,"2576"
beam groups 12 semiquavers simple-802.png,"2579"
beam groups 12 semiquavers simple-803.png,"2582"
beam groups 12 semiquavers simple-804.png,"2585"
beam groups 12 semiquavers simple-805.png,"2588"
beam groups 12 semiquavers simple-806.png,"2591"
beam groups 12 semiquavers simple-807.png,"2594"
beam groups 12 semiquavers simple-808.png,"2597"
beam groups 12 semiquavers simple-809.png,"2600"
beam groups 12 semiquavers simple-810.png,"2603"
beam groups 12 semiquavers simple-811.png,"2606"
beam groups 12 semiquavers simple-812.png,"2609"
beam groups 12 semiquavers simple-813.png,"2612"
beam groups 12 semiquavers simple-814.png,"2615"
beam groups 12 semiquavers simple-815.png,"2618"
beam groups 12 semiquavers simple-816.png,"2621"
beam groups 12 semiquavers simple-817.png,"2624"
beam groups 12 semiquavers simple-818.png,"2627"
beam groups 12 semiquavers simple-819.png,"26380"
beam groups 12 semiquavers simple-820.png,"2683"
beam groups 12 semiquavers simple-821.png,"2636"
beam groups 12 semiquavers simple-822.png,"2689"
beam groups 12 semiquavers simple-823.png,"2642"
beam groups 12 semiquavers simple-824.png,"2645"
beam groups 12 semiquavers simple-825.png,"2648"
beam groups 12 semiquavers simple-826.png,"2651"
beam groups 12 semiquavers simple-827.png,"2654"
beam groups 12 semiquavers simple-828.png,"2657"
beam groups 12 semiquavers simple-829.png,"2660"
beam groups 12 semiquavers simple-830.png,"2663"
beam groups 12 semiquavers simple-831.png,"2666"
beam groups 12 semiquavers simple-832.png,"2669"
beam groups 12 semiquavers simple-833.png,"2672"
beam groups 12 semiquavers simple-834.png,"2675"
beam groups 12 semiquavers simple-835.png,"2678"
beam groups 12 semiquavers simple-836.png,"2681"
beam groups 12 semiquavers simple-837.png,"2684"
beam groups 12 semiquavers simple-838.png,"2687"
beam groups 12 semiquavers simple-839.png,"2690"
beam groups 12 semiquavers simple-840.png,"2693"
beam groups 12 semiquavers simple-841.png,"2696"
beam groups 12 semiquavers simple-842.png,"2699"
beam groups 12 semiquavers simple-843.png,"2702"
beam groups 12 semiquavers simple-844.png,"2705"
beam groups 12 semiquavers simple-845.png,"2708"
beam groups 12 semiquavers simple-846.png,"2711"
beam groups 12 semiquavers simple-847.png,"2714"
beam groups 12 semiquavers simple-848.png,"2717"
beam groups 12 semiquavers simple-849.png,"2720"
beam groups 12 semiquavers simple-850.png,"2723"
beam groups 12 semiquavers simple-851.png,"2726"
beam groups 12 semiquavers simple-852.png,"2729"
beam groups 12 semiquavers simple-853.png,"2782"
beam groups 12 semiquavers simple-854.png,"2735"
beam groups 12 semiquavers simple-855.png,"2788"
beam groups 12 semiquavers simple-856.png,"2741"
beam groups 12 semiquavers simple-857.png,"2744"
beam groups 12 semiquavers simple-858.png,"2747"
beam groups 12 semiquavers simple-859.png,"2750"
beam groups 12 semiquavers simple-860.png,"2758"
beam groups 12 semiquavers simple-861.png,"2756"
beam groups 12 semiquavers simple-862.png,"2759"
beam groups 12 semiquavers simple-863.png,"2762"
beam groups 12 semiquavers simple-864.png,"2765"
beam groups 12 semiquavers simple-865.png,"2768"
beam groups 12 semiquavers simple-866.png,"2771"
beam groups 12 semiquavers simple-867.png,"2774"
beam groups 12 semiquavers simple-868.png,"2777"
beam groups 12 semiquavers simple-869.png,"2780"
beam groups 12 semiquavers simple-870.png,"2783"
beam groups 12 semiquavers simple-871.png,"2786"
beam groups 12 semiquavers simple-872.png,"2789"
beam groups 12 semiquavers simple-873.png,"2792"
beam groups 12 semiquavers simple-874.png,"2795"
beam groups 12 semiquavers simple-875.png,"2798"
beam groups 12 semiquavers simple-876.png,"2801"
beam groups 12 semiquavers simple-877.png,"2804"
beam groups 12 semiquavers simple-878.png,"2807"
beam groups 12 semiquavers simple-879.png,"2810"
beam groups 12 semiquavers simple-880.png,"2813"
beam groups 12 semiquavers simple-881.png,"2816"
beam groups 12 semiquavers simple-882.png,"2820"
beam groups 12 semiquavers simple-883.png,"2824"
beam groups 12 semiquavers simple-884.png,"2828"
beam groups 12 semiquavers simple-885.png,"2832"
beam groups 12 semiquavers simple-886.png,"2835"
beam groups 12 semiquavers simple-887.png,"2838"
beam groups 12 semiquavers simple-888.png,"2841"
beam groups 12 semiquavers simple-889.png,"2844"
beam groups 12 semiquavers simple-890.png,"2847"
beam groups 12 semiquavers simple-891.png,"2850"
beam groups 12 semiquavers simple-892.png,"2853"
beam groups 12 semiquavers simple-893.png,"2856"
beam groups 12 semiquavers simple-894.png,"2859"
beam groups 12 semiquavers simple-895.png,"2862"
beam groups 12 semiquavers simple-896.png,"2865"
beam groups 12 semiquavers simple-897.png,"2868"
beam groups 12 semiquavers simple-898.png,"2871"
beam groups 12 semiquavers simple-899.png,"2874"
beam groups 12 semiquavers simple-900.png,"2877"
beam groups 12 semiquavers simple-901.png,"2880"
beam groups 12 semiquavers simple-902.png,"2883"
beam groups 12 semiquavers simple-903.png,"2886"
beam groups 12 semiquavers simple-904.png,"2889"
beam groups 12 semiquavers simple-905.png,"2892"
beam groups 12 semiquavers simple-906.png,"2895"
beam groups 12 semiquavers simple-907.png,"2898"
beam groups 12 semiquavers simple-908.png,"2901"
beam groups 12 semiquavers simple-909.png,"2904"
beam groups 12 semiquavers simple-910.png,"2907"
beam groups 12 semiquavers simple-911.png,"2910"
beam groups 12 semiquavers simple-912.png,"2913"
beam groups 12 semiquavers simple-913.png,"2916"
beam groups 12 semiquavers simple-914.png,"2919"
beam groups 12 semiquavers simple-915.png,"2922"
beam groups 12 semiquavers simple-916.png,"2925"
beam groups 12 semiquavers simple-917.png,"2928"
beam groups 12 semiquavers simple-918.png,"29381"
beam groups 12 semiquavers simple-919.png,"29384"
beam groups 12 semiquavers simple-920.png,"2937"
beam groups 12 semiquavers simple-921.png,"2940"
beam groups 12 semiquavers simple-922.png,"2943"
beam groups 12 semiquavers simple-923.png,"2946"
beam groups 12 semiquavers simple-924.png,"2949"
beam groups 12 semiquavers simple-925.png,"2952"
beam groups 12 semiquavers simple-926.png,"2955"
beam groups 12 semiquavers simple-927.png,"2958"
beam groups 12 semiquavers simple-928.png,"2961"
beam groups 12 semiquavers simple-929.png,"2964"
beam groups 12 semiquavers simple-930.png,"2967"
beam groups 12 semiquavers simple-931.png,"2970"
beam groups 12 semiquavers simple-932.png,"2973"
beam groups 12 semiquavers simple-933.png,"2976"
beam groups 12 semiquavers simple-934.png,"2979"
beam groups 12 semiquavers simple-935.png,"2982"
beam groups 12 semiquavers simple-936.png,"2985"
beam groups 12 semiquavers simple-937.png,"2988"
beam groups 12 semiquavers simple-938.png,"2991"
beam groups 12 semiquavers simple-939.png,"2994"
beam groups 12 semiquavers simple-940.png,"2997"
beam groups 12 semiquavers simple-941.png,"3000"
beam groups 12 semiquavers simple-942.png,"38003"
beam groups 12 semiquavers simple-943.png,"3006"
beam groups 12 semiquavers simple-944.png,"3009"
beam groups 12 semiquavers simple-945.png,"3012"
beam groups 12 semiquavers simple-946.png,"3015"
beam groups 12 semiquavers simple-947.png,"3018"
beam groups 12 semiquavers simple-948.png,"3021"
beam groups 12 semiquavers simple-949.png,"3024"
beam groups 12 semiquavers simple-950.png,"3027"
beam groups 12 semiquavers simple-951.png,"3030"
beam groups 12 semiquavers simple-952.png,"380383"
beam groups 12 semiquavers simple-953.png,"30386"
beam groups 12 semiquavers simple-954.png,"38039"
beam groups 12 semiquavers simple-955.png,"3042"
beam groups 12 semiquavers simple-956.png,"3045"
beam groups 12 semiquavers simple-957.png,"3048"
beam groups 12 semiquavers simple-958.png,"3051"
beam groups 12 semiquavers simple-959.png,"3054"
beam groups 12 semiquavers simple-960.png,"3057"
beam groups 12 semiquavers simple-961.png,"3060"
beam groups 12 semiquavers simple-962.png,"3063"
beam groups 12 semiquavers simple-963.png,"3066"
beam groups 12 semiquavers simple-964.png,"3069"
beam groups 12 semiquavers simple-965.png,"3072"
beam groups 12 semiquavers simple-966.png,"3076"
beam groups 12 semiquavers simple-967.png,"3080"
beam groups 12 semiquavers simple-968.png,"3084"
beam groups 12 semiquavers simple-969.png,"3088"
beam groups 12 semiquavers simple-970.png,"3092"
beam groups 12 semiquavers simple-971.png,"3095"
beam groups 12 semiquavers simple-972.png,"3098"
beam groups 12 semiquavers simple-973.png,"3101"
beam groups 12 semiquavers simple-974.png,"3105"
beam groups 12 semiquavers simple-975.png,"3108"
beam groups 12 semiquavers simple-976.png,"3111"
beam groups 12 semiquavers simple-977.png,"3114"
beam groups 12 semiquavers simple-978.png,"3117"
beam groups 12 semiquavers simple-979.png,"3121"
beam groups 12 semiquavers simple-980.png,"3125"
beam groups 12 semiquavers simple-981.png,"3128"
beam groups 12 semiquavers simple-982.png,"3131"
beam groups 12 semiquavers simple-983.png,"3134"
beam groups 12 semiquavers simple-984.png,"31388"
beam groups 12 semiquavers simple-985.png,"3141"
beam groups 12 semiquavers simple-986.png,"3144"
beam groups 12 semiquavers simple-987.png,"3147"
beam groups 12 semiquavers simple-988.png,"3150"
beam groups 12 semiquavers simple-989.png,"3183"
beam groups 12 semiquavers simple-990.png,"3156"
beam groups 12 semiquavers simple-991.png,"3159"
beam groups 12 semiquavers simple-992.png,"3162"
beam groups 12 semiquavers simple-993.png,"3165"
beam groups 12 semiquavers simple-994.png,"3168"
beam groups 12 semiquavers simple-995.png,"3172"
beam groups 12 semiquavers simple-996.png,"3175"
beam groups 12 semiquavers simple-997.png,"3178"
beam groups 12 semiquavers simple-998.png,"3181"
beam groups 12 semiquavers simple-999.png,"3184"
