Chopin - Etude Op 10 no 11-001.png,"716"
Chopin - Etude Op 10 no 11-002.png,"8"
Chopin - Etude Op 10 no 11-003.png,"6"
Chopin - Etude Op 10 no 11-004.png,"8"
Chopin - Etude Op 10 no 11-005.png,"10"
Chopin - Etude Op 10 no 11-006.png,"18"
Chopin - Etude Op 10 no 11-007.png,"15"
Chopin - Etude Op 10 no 11-008.png,"17"
Chopin - Etude Op 10 no 11-009.png,"[2, 20]"
Chopin - Etude Op 10 no 11-010.png,"23"
Chopin - Etude Op 10 no 11-011.png,"26"
Chopin - Etude Op 10 no 11-012.png,"29"
Chopin - Etude Op 10 no 11-013.png,"32"
Chopin - Etude Op 10 no 11-014.png,"34"
Chopin - Etude Op 10 no 11-015.png,"36"
Chopin - Etude Op 10 no 11-016.png,"38"
Chopin - Etude Op 10 no 11-017.png,"40"
Chopin - Etude Op 10 no 11-018.png,"43"
Chopin - Etude Op 10 no 11-019.png,"46"
Chopin - Etude Op 10 no 11-020.png,"49"
Chopin - Etude Op 10 no 11-021.png,"62"
