Haydn - Piano Trio 27 mvt I-001.png,"7212"
Haydn - Piano Trio 27 mvt I-002.png,"1"
Haydn - Piano Trio 27 mvt I-003.png,"1"
Haydn - Piano Trio 27 mvt I-004.png,"1"
Haydn - Piano Trio 27 mvt I-005.png,"1"
Haydn - Piano Trio 27 mvt I-006.png,"1"
Haydn - Piano Trio 27 mvt I-007.png,"1"
Haydn - Piano Trio 27 mvt I-010.png,"1"
Haydn - Piano Trio 27 mvt I-011.png,"1"
Haydn - Piano Trio 27 mvt I-012.png,"1"
Haydn - Piano Trio 27 mvt I-013.png,"1"
Haydn - Piano Trio 27 mvt I-014.png,"1"
Haydn - Piano Trio 27 mvt I-015.png,"1"
Haydn - Piano Trio 27 mvt I-016.png,"7"
Haydn - Piano Trio 27 mvt I-017.png,"1"
Haydn - Piano Trio 27 mvt I-018.png,"1"
Haydn - Piano Trio 27 mvt I-019.png,"1"
Haydn - Piano Trio 27 mvt I-020.png,"1"
Haydn - Piano Trio 27 mvt I-021.png,"1"
Haydn - Piano Trio 27 mvt I-022.png,"1"
Haydn - Piano Trio 27 mvt I-023.png,"1"
Haydn - Piano Trio 27 mvt I-024.png,"7"
Haydn - Piano Trio 27 mvt I-025.png,"1"
Haydn - Piano Trio 27 mvt I-026.png,"1"
Haydn - Piano Trio 27 mvt I-027.png,"1"
Haydn - Piano Trio 27 mvt I-028.png,"1"
Haydn - Piano Trio 27 mvt I-029.png,"4"
Haydn - Piano Trio 27 mvt I-030.png,"1"
Haydn - Piano Trio 27 mvt I-031.png,"1"
Haydn - Piano Trio 27 mvt I-032.png,"1"
Haydn - Piano Trio 27 mvt I-033.png,"1"
Haydn - Piano Trio 27 mvt I-034.png,"1"
Haydn - Piano Trio 27 mvt I-035.png,"1"
Haydn - Piano Trio 27 mvt I-036.png,"1"
Haydn - Piano Trio 27 mvt I-037.png,"1"
Haydn - Piano Trio 27 mvt I-038.png,"1"
Haydn - Piano Trio 27 mvt I-039.png,"1"
Haydn - Piano Trio 27 mvt I-040.png,"1"
Haydn - Piano Trio 27 mvt I-041.png,"1"
Haydn - Piano Trio 27 mvt I-042.png,"1"
Haydn - Piano Trio 27 mvt I-043.png,"1"
Haydn - Piano Trio 27 mvt I-044.png,"1"
Haydn - Piano Trio 27 mvt I-045.png,"1"
Haydn - Piano Trio 27 mvt I-046.png,"1"
Haydn - Piano Trio 27 mvt I-047.png,"4"
Haydn - Piano Trio 27 mvt I-048.png,"1"
Haydn - Piano Trio 27 mvt I-049.png,"1"
Haydn - Piano Trio 27 mvt I-050.png,"1"
Haydn - Piano Trio 27 mvt I-051.png,"1"
Haydn - Piano Trio 27 mvt I-053.png,"1"
Haydn - Piano Trio 27 mvt I-054.png,"1"
Haydn - Piano Trio 27 mvt I-055.png,"1"
Haydn - Piano Trio 27 mvt I-056.png,"1"
Haydn - Piano Trio 27 mvt I-057.png,"1"
Haydn - Piano Trio 27 mvt I-058.png,"1"
