Mendelssohn - Songs Without Words 17-001.png,"1"
Mendelssohn - Songs Without Words 17-002.png,"[7, 2]"
Mendelssohn - Songs Without Words 17-003.png,"[7, 8]"
Mendelssohn - Songs Without Words 17-004.png,"[7, 4]"
Mendelssohn - Songs Without Words 17-005.png,"5"
Mendelssohn - Songs Without Words 17-006.png,"7"
Mendelssohn - Songs Without Words 17-007.png,"8"
Mendelssohn - Songs Without Words 17-008.png,"[2, 9]"
Mendelssohn - Songs Without Words 17-009.png,"10"
Mendelssohn - Songs Without Words 17-010.png,"11"
Mendelssohn - Songs Without Words 17-011.png,"2"
Mendelssohn - Songs Without Words 17-012.png,"18"
Mendelssohn - Songs Without Words 17-013.png,"14"
Mendelssohn - Songs Without Words 17-014.png,"16"
Mendelssohn - Songs Without Words 17-015.png,"[7, 18]"
Mendelssohn - Songs Without Words 17-016.png,"[7, 19]"
Mendelssohn - Songs Without Words 17-017.png,"[7, 20]"
Mendelssohn - Songs Without Words 17-018.png,"[7, 21]"
Mendelssohn - Songs Without Words 17-019.png,"22"
Mendelssohn - Songs Without Words 17-020.png,"4"
Mendelssohn - Songs Without Words 17-021.png,"25"
Mendelssohn - Songs Without Words 17-022.png,"26"
Mendelssohn - Songs Without Words 17-023.png,"2"
Mendelssohn - Songs Without Words 17-024.png,"28"
Mendelssohn - Songs Without Words 17-025.png,"29"
Mendelssohn - Songs Without Words 17-026.png,"6"
Mendelssohn - Songs Without Words 17-027.png,"382"
Mendelssohn - Songs Without Words 17-028.png,"34"
Mendelssohn - Songs Without Words 17-029.png,"35"
Mendelssohn - Songs Without Words 17-030.png,"7"
Mendelssohn - Songs Without Words 17-031.png,"37"
Mendelssohn - Songs Without Words 17-032.png,"[7, 9, 38]"
Mendelssohn - Songs Without Words 17-033.png,"39"
Mendelssohn - Songs Without Words 17-034.png,"[7, 40]"
Mendelssohn - Songs Without Words 17-035.png,"41"
Mendelssohn - Songs Without Words 17-036.png,"43"
Mendelssohn - Songs Without Words 17-037.png,"44"
Mendelssohn - Songs Without Words 17-038.png,"[7, 46]"
Mendelssohn - Songs Without Words 17-039.png,"48"
Mendelssohn - Songs Without Words 17-040.png,"49"
Mendelssohn - Songs Without Words 17-041.png,"[7, 5]"
Mendelssohn - Songs Without Words 17-042.png,"1"
Mendelssohn - Songs Without Words 17-043.png,"62"
Mendelssohn - Songs Without Words 17-044.png,"53"
