Reger - Improvisationen 4-001.png,"1"
Reger - Improvisationen 4-002.png,"4"
Reger - Improvisationen 4-003.png,"8"
Reger - Improvisationen 4-004.png,"12"
Reger - Improvisationen 4-005.png,"16"
Reger - Improvisationen 4-006.png,"19"
Reger - Improvisationen 4-007.png,"22"
Reger - Improvisationen 4-008.png,"25"
Reger - Improvisationen 4-009.png,"28"
Reger - Improvisationen 4-010.png,"31"
Reger - Improvisationen 4-011.png,"34"
Reger - Improvisationen 4-012.png,"37"
Reger - Improvisationen 4-013.png,"41"
Reger - Improvisationen 4-014.png,"45"
Reger - Improvisationen 4-015.png,"49"
Reger - Improvisationen 4-016.png,"53"
Reger - Improvisationen 7-001.png,"1"
Reger - Improvisationen 7-002.png,"3"
Reger - Improvisationen 7-003.png,"6"
Reger - Improvisationen 7-004.png,"9"
Reger - Improvisationen 7-005.png,"11"
Reger - Improvisationen 7-006.png,"13"
Reger - Improvisationen 7-007.png,"15"
Reger - Improvisationen 7-008.png,"17"
Reger - Improvisationen 7-009.png,"19"
Reger - Improvisationen 7-010.png,"22"
Reger - Improvisationen 7-011.png,"26"
Reger - Improvisationen 7-012.png,"28"
Reger - Improvisationen 7-013.png,"30"
Reger - Improvisationen 7-014.png,"32"
Reger - Improvisationen 7-015.png,"34"
Reger - Improvisationen 7-016.png,"36"
Reger - Improvisationen 7-017.png,"38"
Reger - Improvisationen 7-018.png,"41"
Reger - Improvisationen 7-019.png,"43"
Reger - Improvisationen 7-020.png,"45"
Reger - Improvisationen 7-021.png,"48"
Reger - Improvisationen 7-022.png,"51"
Reger - Improvisationen 7-023.png,"53"
Reger - Improvisationen 7-024.png,"55"
Reger - Improvisationen 7-025.png,"57"
Reger - Improvisationen 7-026.png,"59"
Reger - Improvisationen 7-027.png,"62"
Reger - Improvisationen 8-001.png,"1"
Reger - Improvisationen 8-002.png,"3"
Reger - Improvisationen 8-003.png,"6"
Reger - Improvisationen 8-004.png,"9"
Reger - Improvisationen 8-005.png,"12"
Reger - Improvisationen 8-006.png,"14"
Reger - Improvisationen 8-007.png,"16"
Reger - Improvisationen 8-008.png,"18"
Reger - Improvisationen 8-009.png,"20"
Reger - Improvisationen 8-010.png,"22"
Reger - Improvisationen 8-011.png,"24"
Reger - Improvisationen 8-012.png,"25"
Reger - Improvisationen 8-013.png,"27"
Reger - Improvisationen 8-014.png,"29"
Reger - Improvisationen 8-015.png,"31"
Reger - Improvisationen 8-016.png,"33"
Reger - Improvisationen 8-017.png,"35"
Reger - Improvisationen 8-018.png,"37"
Reger - Improvisationen 8-019.png,"39"
Reger - Improvisationen 8-020.png,"41"
Reger - Improvisationen 8-021.png,"43"
Reger - Improvisationen 8-022.png,"44"
Reger - Improvisationen 8-023.png,"45"
Reger - Improvisationen 8-024.png,"46"
Reger - Improvisationen 8-025.png,"47"
Reger - Improvisationen 8-026.png,"48"
Reger - Improvisationen 8-027.png,"49"
Reger - Improvisationen 8-028.png,"50"
Reger - Improvisationen 8-029.png,"51"
Reger - Improvisationen 8-030.png,"52"
Reger - Improvisationen 8-031.png,"54"
Reger - Improvisationen 8-032.png,"56"
Reger - Improvisationen 8-034.png,"61"
Reger - Improvisationen 8-035.png,"63"
Reger - Improvisationen 8-036.png,"66"
Reger - Improvisationen 8-037.png,"69"
Reger - Improvisationen 8-038.png,"71"
Reger - Improvisationen 8-040.png,"75"
Reger - Improvisationen 8-041.png,"77"
Reger - Improvisationen 8-042.png,"78"
Reger - Improvisationen 8-043.png,"80"
Reger - Improvisationen 8-044.png,"82"
Reger - Improvisationen 8-045.png,"84"
Reger - Improvisationen 8-046.png,"86"
Reger - Improvisationen 8-047.png,"88"
