Satie - Gnossienne 1-001.png,"1"
Satie - Gnossienne 1-002.png,"1"
Satie - Gnossienne 1-003.png,"1"
Satie - Gnossienne 1-004.png,"1"
Satie - Gnossienne 1-005.png,"1"
Satie - Gnossienne 1-006.png,"1"
Satie - Gnossienne 1-007.png,"1"
Satie - Gnossienne 1-008.png,"1"
Satie - Gnossienne 1-009.png,"1"
Satie - Gnossienne 1-010.png,"1"
Satie - Gnossienne 1-011.png,"1"
Satie - Gnossienne 1-012.png,"1"
Satie - Gnossienne 1-013.png,"7"
Satie - Gnossienne 1-014.png,"1"
Satie - Gnossienne 1-015.png,"1"
Satie - Gnossienne 1-016.png,"1"
Satie - Gnossienne 1-017.png,"1"
